"48440d08","Mickaël MOREAU","2022-08-11 02:13:48 +0200","[wa-config] quick fix thanks to last wordpress.org review : never use sanitize function for output, only for input"
"53249287","Mickaël MOREAU","2022-08-10 16:22:38 +0200","[wa-config] quick fix thanks to last wordpress.org review : sanitize _COOKIES and code fixes"
"addd1d0b","Mickaël MOREAU","2022-08-09 20:13:55 +0200","[wa-config] quick fix thanks to last wordpress.org review : sanitize _COOKIES and code fixes"
"652661de","Mickaël MOREAU","2022-08-03 00:31:53 +0200","[wa-config] fixing plugins listing issue when having symlinked plugin folder"
"ce0ebff3","Mickaël MOREAU","2022-07-30 03:21:10 +0200","[wa-config] quick fix for last wordpress.org review : hardcoded paths like wp-content breaks file locations scalability sound ok"
"50b21999","Mickaël MOREAU","2022-07-29 21:33:43 +0200","[wa-config] quick fix for last wordpress.org review : hardcoded paths like wp-content breaks file locations scalability"
"8f03f7cd","Mickaël MOREAU","2022-07-28 09:06:34 +0200","[wa-config] bug fixing after pre-production tests"
"09dc46a0","Mickaël MOREAU","2022-07-27 00:22:54 +0200","[wa-config] externalize doc and tests sound OK for public or private usage (default to private usage)"
"b81d9192","Mickaël MOREAU","2022-07-27 00:22:54 +0200","[wa-config] externalize doc and tests sound OK for public or private usage (default to private usage)"
"9f811378","Mickaël MOREAU","2022-07-27 00:07:59 +0200","[wa-config] externalize doc and tests sound OK for public or private usage (default to private usage)"
"448a989f","Mickaël MOREAU","2022-07-26 23:39:21 +0200","[wa-config] externalize doc and tests in progress, speed up doc renderings for open documentation usage"
"a47836b8","Mickaël MOREAU","2022-07-26 07:09:20 +0200","[wa-config] externalize doc and tests in progress"
"9b9802c1","Mickaël MOREAU","2022-07-25 09:12:25 +0200","[wa-config] externalize doc and tests in progress"
"d9fa8736","Mickaël MOREAU","2022-07-25 08:40:37 +0200","[wa-config] externalize doc and tests in progress"
"7bc1ee57","Mickaël MOREAU","2022-07-25 07:45:43 +0200","[wa-config] externalize doc in progress + improving doc"
"20d7c06e","Mickaël MOREAU","2022-07-23 00:18:29 +0200","[wa-config] externalize doc and tests folders to avoid un-necessary reviews workload in progress"
"90357f59","Mickaël MOREAU","2022-07-22 23:35:12 +0200","[wa-config] externalize doc and tests folders to avoid un-necessary reviews workload on some features restricted to advanced administrators. Doc Warning and synchronisation of 'doc and test folder' link in progress"
"c3c77aaa","Mickaël MOREAU","2022-07-21 12:43:56 +0200","[wa-config] fixing buggy front head not loaded in frontend anymore"
"eb099cd2","Mickaël MOREAU","2022-07-21 11:45:02 +0200","[wa-config] review answered, waiting for validation or next steps"
"280a12c3","Mickaël MOREAU","2022-07-21 11:29:28 +0200","[wa-config] fixing with wordpress.org MANTRA : Sanitize early, Escape Late, Always Validate"
"4d3a7e6a","Mickaël MOREAU","2022-07-21 10:44:13 +0200","[wa-config] fixing with wordpress.org MANTRA : Sanitize early, Escape Late, Always Validate"
"4fa35f0e","Mickaël MOREAU","2022-07-21 09:12:25 +0200","[wa-config] fixing open documentation that should stay behind authenticated access to fit wordpress.org guidelines"
"947cc5e4","Mickaël MOREAU","2022-07-21 08:55:06 +0200","[wa-config] fixing open documentation that should stay behind authenticated access to fit wordpress.org guidelines"
"b0503703","Mickaël MOREAU","2022-07-21 05:56:04 +0200","[wa-config] fixing cleaning embeded documentation external js for wordpress.org js review (no external call allowed, unless for SERVICE api)"
"39f5f6d9","Mickaël MOREAU","2022-07-21 05:44:18 +0200","[wa-config] fixing documentation external js load with embeding of js lib ok"
"3224cc79","Mickaël MOREAU","2022-07-21 05:16:40 +0200","[wa-config] fixing documentation external js load by writting a custom php doc template in progress + removing unused and obfusked files from pdfjs folder"
"c69c3fe5","Mickaël MOREAU","2022-07-20 20:25:59 +0200","[wa-config] fixing e2e CLI hard coded external wp-load to explicit environement variable setup"
"407c68db","Mickaël MOREAU","2022-07-20 04:50:48 +0200","[wa-config] fixing buggy duplicated review"
"1d07512b","Mickaël MOREAU","2022-07-19 11:28:30 +0200","[wa-config] fixing footer escaped styles issue"
"684f5704","Mickaël MOREAU","2022-07-19 08:25:21 +0200","[wa-config] fixing doc"
"a6aca469","Mickaël MOREAU","2022-07-19 08:09:08 +0200","[wa-config] fixing isHtaccessEnabled data test for better compatibility"
"2fe165a5","Mickaël MOREAU","2022-07-19 05:23:51 +0200","[wa-config] upgrading installer.php : allow parallel extracts for zip files with huge file list"
"2be9f388","Mickaël MOREAU","2022-07-17 16:25:05 +0200","[wa-config] v0.0.2 submited to wordpress.org, waiting for review answer"
"64d61eb9","Mickaël MOREAU","2022-07-17 16:04:33 +0200","[wa-config] fixing stuff for production"
"b5dcc736","Mickaël MOREAU","2022-07-17 15:49:48 +0200","[wa-config] fixing stuff for production"
"49f884fe","Mickaël MOREAU","2022-07-17 15:25:49 +0200","[wa-config] fixing stuff for production"
"95b1e07f","Mickaël MOREAU","2022-07-17 15:17:21 +0200","[wa-config] fixing stuff for production"
"172c6fde","Mickaël MOREAU","2022-07-17 14:49:23 +0200","[wa-config] fixing tests"
"8c07bdf3","Mickaël MOREAU","2022-07-17 14:23:01 +0200","[wa-config] fixing download error over production, do not use fopen on url for production."
"ec6f550f","Mickaël MOREAU","2022-07-17 13:25:11 +0200","[wa-config] Bumping version, all sound ok for wordpress.org review"
"53f09c9e","Mickaël MOREAU","2022-07-17 13:20:14 +0200","[wa-config] bug fix head-proxy 404 due to wrong sanitization, relative url can't get sanitized with sanitize_url, did use sanitize_text_field instead"
"3b5e3cf9","Mickaël MOREAU","2022-07-17 12:56:19 +0200","[wa-config] quick fix to go test it under production"
"dbe4b6ba","Mickaël MOREAU","2022-07-17 12:19:53 +0200","[wa-config] bug fixing wa-mission end-date fail to update from quick edit panel"
"81fd3a06","Mickaël MOREAU","2022-07-17 11:30:55 +0200","[wa-config] bug fixing parallel instance master load system"
"fa889e87","Mickaël MOREAU","2022-07-17 10:36:09 +0200","[wa-config] bug fixing value not defined errors by adding default values"
"9ed4aae7","Mickaël MOREAU","2022-07-17 06:36:27 +0200","[wa-config] bug fixing review orders wrong sort on freshly desactiaved review + try solve wrong translations making wrong fresh base wa-skill terms having diff"
"01a6ae4d","Mickaël MOREAU","2022-07-17 03:26:37 +0200","[wa-config] working on wordpress.org review. Answers and updates all ok. Tests in progress and maybe some fix will come after moon-scrap-lite integration"
"50d21380","Mickaël MOREAU","2022-07-16 09:50:04 +0200","[wa-config] improving e2e testings"
"d9b6ce80","Mickaël MOREAU","2022-07-16 06:25:29 +0200","[wa-config] improving e2e testings"
"2b3c244e","Mickaël MOREAU","2022-07-16 05:39:29 +0200","[wa-config] improving e2e testings"
"bfc9a5f2","Mickaël MOREAU","2022-07-16 05:12:06 +0200","[wa-config] improving e2e testings for functionnal exit function"
"6627215f","Mickaël MOREAU","2022-07-15 18:37:44 +0200","[wa-config] working on wordpress.org review. Answers and updates in progress. Sanitize input/output in progress + improving e2e tests"
"2439b63f","Mickaël MOREAU","2022-07-15 16:15:12 +0200","[wa-config] working on wordpress.org review. Answers and updates in progress. Sanitize input/output in progress + better error message for missing network for codecept tool download"
"b4094605","Mickaël MOREAU","2022-07-15 15:49:36 +0200","[wa-config] working on wordpress.org review. Answers and updates in progress. Sanitize input/output in progress"
"853ffbf6","Mickaël MOREAU","2022-07-15 15:48:03 +0200","[wa-config] working on wordpress.org review. Answers and updates in progress. Sanitize input/output in progress"
"1765c573","Mickaël MOREAU","2022-07-15 15:30:01 +0200","[wa-config] working on wordpress.org review. Answers and updates in progress. Sanitize input/output in progress"
"db1eab22","Mickaël MOREAU","2022-07-15 09:24:10 +0200","[wa-config] working on wordpress.org review. Answers and updates in progress. Sanitize input/output in progress"
"f40bfe03","Mickaël MOREAU","2022-07-15 06:19:32 +0200","[wa-config] working on wordpress.org review. Answers and updates in progress. Review files in doc and tests folder OK. Sanitize input/output in progress"
"6f65423b","Mickaël MOREAU","2022-07-15 06:03:10 +0200","[wa-config] working on wordpress.org review. Answers and updates in progress. Review files in doc and tests folder OK. Sanitize input/output in progress"
"3afb77ea","Mickaël MOREAU","2022-07-15 05:19:02 +0200","[wa-config] working on wordpress.org review. Answers and updates in progress. Removing herdoc OK. Sanitize input/output in progress"
"4fce8f75","Mickaël MOREAU","2022-07-15 05:04:49 +0200","[wa-config] working on wordpress.org review. Answers and updates in progress. Removing herdoc in progress"
"7a4896cc","Mickaël MOREAU","2022-07-15 03:43:04 +0200","[wa-config] working on wordpress.org review. Answers and updates in progress. Removing herdoc in progress"
"f19b17f0","Mickaël MOREAU","2022-07-15 03:32:14 +0200","[wa-config] working on wordpress.org review. Answers and updates in progress. Removing herdoc in progress"
"8b7bec24","Mickaël MOREAU","2022-07-14 19:29:58 +0200","[wa-config] working on wordpress.org review. Answers and updates in progress. Removing herdoc in progress, adding wa_render utils function to improve herdoc refactoring"
"0058cb23","Mickaël MOREAU","2022-07-14 17:58:01 +0200","[wa-config] working on wordpress.org review. Answers and updates in progress. Removing herdoc in progress"
"8b59bd71","Mickaël MOREAU","2022-07-14 06:32:18 +0200","[wa-config] working on wordpress.org review. Answers and updates in progress. Removing herdoc in progress"
"4e137419","Mickaël MOREAU","2022-07-14 04:22:49 +0200","[wa-config] working on wordpress.org review. Answers and updates in progress."
"11293502","Mickaël MOREAU","2022-07-14 01:49:58 +0200","[wa-config] working on wordpress.org review. Answers and updates in progress."
"90ba80d9","Mickaël MOREAU","2022-07-13 19:12:06 +0200","[wa-config] working on wordpress.org review. Answers and updates in progress. TestableEnd2End ok. Migration from wa-config text domain to monwoo-web-agency-config OK"
"9213098d","Mickaël MOREAU","2022-07-13 10:56:11 +0200","[wa-config] working on wordpress.org review. Answers and updates in progress. TestableEnd2End in progress"
"85e356d3","Mickaël MOREAU","2022-07-13 09:20:29 +0200","[wa-config] working on wordpress.org review. Answers and updates in progress. TestableEnd2End in progress"
"3d038769","Mickaël MOREAU","2022-07-13 06:42:07 +0200","[wa-config] working on wordpress.org review. Answers and updates in progress. TestableEnd2End in progress"
"991c9840","Mickaël MOREAU","2022-07-13 02:28:35 +0200","[wa-config] working on wordpress.org review. Answers and updates in progress"
"7e585994","Mickaël MOREAU","2022-07-11 08:54:06 +0200","[wa-config] add a 'X-Blocked-Http-by' clue for preempted response filtered by 'WA Config' -> 'parameters' panel"
"5b464b2b","Mickaël MOREAU","2022-07-11 07:59:11 +0200","[wa-config] fixing default regex url blocker example"
"e89bf92f","Mickaël MOREAU","2022-07-10 20:49:11 +0200","[wa-config] fixing stuff for paralelle loads"
"e4674dea","Mickaël MOREAU","2022-07-10 18:20:04 +0200","[wa-config] fixing stuff for paralelle loads"
"6c7c6c66","Mickaël MOREAU","2022-07-10 01:34:58 +0200","[wa-config] did receive wordpress.org review. Answers and updates in progress"
"90ddcf4b","Mickaël MOREAU","2022-07-09 21:24:57 +0200","[wa-config] did receive wordpress.org review. Answers and updates in progress"
"1bf2424f","Mickaël MOREAU","2022-07-07 21:52:41 +0200","[wa-config] Quick fix to pass wordpress.org plugin archive upload OK. Waiting for review answer"
"e9835d5b","Mickaël MOREAU","2022-07-07 21:48:29 +0200","[wa-config] Quick fix to solve submission to wordpress.org error : Plugin versions are expected to be numbers, moving to version 0.0.1"
"1fcd66cc","Mickaël MOREAU","2022-07-07 21:46:20 +0200","[wa-config] Quick fix to solve submission to wordpress.org error : restricted term 'wa' can't be prefix of plugin name, must go end..."
"fa7d96da","Mickaël MOREAU","2022-07-07 21:21:33 +0200","[wa-config] all sound ok for first wordpress.org plugin submission"
"b66b6ff7","Mickaël MOREAU","2022-07-07 21:05:08 +0200","[wa-config] improving minimum required translations for ensured terms slugs"
"c54fa1da","Mickaël MOREAU","2022-07-07 20:30:24 +0200","[wa-config] improving e_skill_taxo_data_review translate terms sound OK"
"d49ba05e","Mickaël MOREAU","2022-07-07 17:47:23 +0200","[wa-config] improving e_skill_taxo_data_review to generate multi-lingue terms for available polylang language OK, still need to translate and try all is OK"
"12bb081f","Mickaël MOREAU","2022-07-07 04:42:13 +0200","[wa-config] improving polylang url rewrites for translated wa-skill custom taxonomy url slugs"
"71d453a2","Mickaël MOREAU","2022-07-07 04:26:24 +0200","[wa-config] improving polylang url rewrites for translated wa-skill custom taxonomy url slugs"
"821edd58","Mickaël MOREAU","2022-07-07 04:20:20 +0200","[wa-config] improving polylang url rewrites for translated wa-skill custom taxonomy url slugs"
"e4cb73d7","Mickaël MOREAU","2022-07-07 02:57:04 +0200","[wa-config] improving polylang url rewrites for translated wa-mission custom post type url slugs"
"2f6a2031","Mickaël MOREAU","2022-07-07 00:34:28 +0200","[wa-config] improving translation and connecting wa-mission and wa-skill to regular Wordpress Categoy taxonomy. (Skill get display aside regular wordpress categories)"
"f6ecb39c","Mickaël MOREAU","2022-07-05 13:12:46 +0200","[wa-config] version after video summary"
"c5783f90","Mickaël MOREAU","2022-07-05 13:08:36 +0200","[wa-config] version after video summary"
"d6e20cc3","Mickaël MOREAU","2022-07-05 02:37:16 +0200","[wa-config] readme.txt screen shoot review ok, next step : video summary"
"c5b5d4f0","Mickaël MOREAU","2022-07-04 23:44:59 +0200","[wa-config] preparing specifications for last run after screen shoot review and demonstration video for plugin description and documentation"
"e0f0e9db","Mickaël MOREAU","2022-07-04 22:03:26 +0200","[wa-config] fixing readme.txt, adding screenshoot, bug fixing productions hard bugs, and preparing for wordpress.org"
"a44621a1","Mickaël MOREAU","2022-07-04 16:13:23 +0200","[wa-config] fixing readme.txt and preparing for wordpress.org"
"47f4e140","Mickaël MOREAU","2022-07-04 15:55:57 +0200","[wa-config] fixing readme.txt and preparing for wordpress.org"
"ac215c64","Mickaël MOREAU","2022-07-04 15:31:13 +0200","[wa-config] replacing 'Pods' plugin since tagged as depreciated, but having commit this day, so might come back, did switch to 'display-post-types' instead"
"d091b405","Mickaël MOREAU","2022-07-04 14:13:21 +0200","[wa-config] improving wordings"
"dc6dfb4f","Mickaël MOREAU","2022-07-04 13:25:48 +0200","[wa-config] chosing zip compression as default sql export compress type"
"407d6fc7","Mickaël MOREAU","2022-07-04 10:54:25 +0200","[wa-config] fixing wrong .htaccess automatic review, all is GREEN in production test OK (CPanel LWS)"
"40d1c71d","Mickaël MOREAU","2022-07-04 10:53:31 +0200","[wa-config] fixing wrong .htaccess automatic review, all is GREEN in production test OK (CPanel LWS)"
"b834a565","Mickaël MOREAU","2022-07-04 10:06:49 +0200","[wa-config] fixing wp_die and exsit system under test mode to be more srict on following excecution calls"
"c3161855","Mickaël MOREAU","2022-07-04 09:47:15 +0200","[wa-config] fixing wp_die and exsit system under test mode to be more srict on following excecution calls"
"67c07573","Mickaël MOREAU","2022-07-04 09:06:36 +0200","[wa-config] fixing delay for production server overload secu pass"
"728c06a3","Mickaël MOREAU","2022-07-04 07:42:37 +0200","[wa-config] bug fixing to allow production server success, 404 instead of 403 on some test check to fix"
"795d1f04","Mickaël MOREAU","2022-07-04 07:35:55 +0200","[wa-config] bug fixing to allow production server success"
"fe665f0e","Mickaël MOREAU","2022-07-04 06:37:32 +0200","[wa-config] adding doc about possible errors and resolutions for end to end test launchs"
"a70dba23","Mickaël MOREAU","2022-07-04 04:50:47 +0200","[wa-config] fixing buggy wrong url under production even if ok under developpement, ok on both now"
"657f2874","Mickaël MOREAU","2022-07-04 04:44:31 +0200","[wa-config] fixing buggy wrong url under production even if ok under developpement, ok on both now"
"cfe96569","Mickaël MOREAU","2022-07-04 02:39:52 +0200","[wa-config] adding comment to show Codeception version"
"8cdb7b0f","Mickaël MOREAU","2022-07-04 02:31:17 +0200","[wa-config] fixing tests not working after refactoring, E2E_EnsureAdminConfigPanelCest OK"
"743984ab","Mickaël MOREAU","2022-07-04 01:14:10 +0200","[wa-config] fixing tests not working after refactoring, class and id renamings in progress"
"879d5433","Mickaël MOREAU","2022-07-04 00:52:11 +0200","[wa-config] fixing tests not working after refactoring, E2E_EnsureAdminConfigPanelCest::testingWAConfig_panelsAvailability OK"
"8ce662b8","Mickaël MOREAU","2022-07-04 00:17:08 +0200","[wa-config] fixing tests not working after refactoring, methode renaming issue solved"
"7b56a05b","Mickaël MOREAU","2022-07-03 23:07:10 +0200","[wa-config] fixing VSCode codesearch done in .backups folder that is only use for legacy backup and knowledge history"
"2b4022df","Mickaël MOREAU","2022-07-03 22:57:36 +0200","[wa-config] fixing test mode failback system and restor in case of failling tests, to rollback test user auth at least"
"442466ab","Mickaël MOREAU","2022-07-03 22:33:41 +0200","[wa-config] fixing VSCode intelephense missing symbole by renaming src file with different name than App.php end production file excluded from intelephense search (Deep Exclude)"
"881db579","Mickaël MOREAU","2022-07-03 22:22:01 +0200","[wa-config] fixing VSCode intelephense duplicated symbole with ajusted .vscode/settings.json"
"31e0bbf3","Mickaël MOREAU","2022-07-03 17:01:07 +0200","[wa-config] improving debugs for advanced end to end tests"
"12a153cf","Mickaël MOREAU","2022-07-02 14:49:08 +0200","[wa-config] E2E_EnsureAdminConfigPanelCest => tests in progress. Production buids tested under production seem OK. Next step before release : testings, production builds, screen-captures, youtube video demo, last doc and assets update"
"58ea76fc","Mickaël MOREAU","2022-07-02 13:37:46 +0200","[wa-config] E2E_EnsureAdminConfigPanelCest => tests in progress. Production buids tested under production seem OK. Next step before release : testings, production builds, screen-captures, youtube video demo, last doc and assets update"
"8a242f26","Mickaël MOREAU","2022-07-02 12:29:35 +0200","[wa-config] E2E_EnsureAdminConfigPanelCest => tests in progress. Next step before release : testings, production builds, screen-captures, youtube video demo, last doc and assets update"
"14892295","Mickaël MOREAU","2022-07-02 12:00:27 +0200","[wa-config] E2E_EnsureFooterCreditsCept => tested OK. Next step before release : testings, production builds, screen-captures, youtube video demo, last doc and assets update"
"3d730bae","Mickaël MOREAU","2022-07-02 11:18:38 +0200","[wa-config] Add a clean all existing options action for admin (reset to factory) => tested OK. Next step before release : testings, production builds, screen-captures, youtube video demo, last doc and assets update"
"8f87082a","Mickaël MOREAU","2022-07-02 10:40:07 +0200","[wa-config] Add a clean all existing options action for admin (reset to factory). Next step before release : testings, production builds, screen-captures, youtube video demo, last doc and assets update"
"f54562a0","Mickaël MOREAU","2022-07-02 08:42:04 +0200","[wa-config] top-down review OK. Next step before release : testings, production builds, screen-captures, youtube video demo, last doc and assets update"
"9045c5e0","Mickaël MOREAU","2022-07-02 07:30:34 +0200","[wa-config] top-down review in progress. App.php : Up to EditableScripts OK"
"40ada882","Mickaël MOREAU","2022-07-02 06:53:20 +0200","[wa-config] top-down review in progress. App.php : Up to Optimisable OK"
"cf2daf80","Mickaël MOREAU","2022-07-02 05:27:44 +0200","[wa-config] top-down review in progress. App.php : Up to OptiLvl OK"
"846e98a7","Mickaël MOREAU","2022-07-02 04:43:01 +0200","[wa-config] top-down review in progress. App.php : Up to ApiInstanciable:api_inst_load_parameters OK"
"d4aa3c77","Mickaël MOREAU","2022-07-02 02:55:41 +0200","[wa-config] top-down review in progress. App.php : Up to ApiInstanciable OK"
"31681456","Mickaël MOREAU","2022-07-02 01:17:36 +0200","[wa-config] top-down review in progress. App.php : Up to EditableReview:e_review_data_action OK"
"8d0141e9","Mickaël MOREAU","2022-07-02 00:30:20 +0200","[wa-config] top-down review in progress. App.php : Up to EditableReview:e_review_list_data_by_key OK"
"4cdb7744","Mickaël MOREAU","2022-06-30 23:39:23 +0200","[wa-config] top-down review in progress. App.php : Up to EditableReview OK"
"83d4ea18","Mickaël MOREAU","2022-06-30 19:24:04 +0200","[wa-config] top-down review in progress. App.php : Up to EditableConfigPanels:_010_e_admin_config__bootstrap ok, independant review per plugin instance OK, duplication and backup humanly tested ok"
"ce7b30d7","Mickaël MOREAU","2022-06-30 18:53:54 +0200","[wa-config] top-down review in progress. App.php : Up to EditableConfigPanels:_010_e_admin_config__bootstrap ok, buggy menu order fixed ok and adapted for multiple loads of personalised features of wa-config"
"80dee167","Mickaël MOREAU","2022-06-30 17:44:09 +0200","[wa-config] top-down review in progress. App.php : Up to EditableConfigPanels:_010_e_admin_config__bootstrap ok, fixing buggy menu order in progress"
"e3b78b77","Mickaël MOREAU","2022-06-30 16:28:52 +0200","[wa-config] top-down review in progress. App.php : Up to EditableConfigPanels:_010_e_admin_config__bootstrap ok"
"bf8f2f2e","Mickaël MOREAU","2022-06-30 14:46:29 +0200","[wa-config] top-down review in progress. App.php : Up to EditableSkillsTaxo:_011_e_skill_taxo__load"
"836d2181","Mickaël MOREAU","2022-06-30 12:01:26 +0200","[wa-config] top-down review in progress. App.php : Up to EditableMissionPost::_010_e_mission_CPT__load()"
"cd58a4d3","Mickaël MOREAU","2022-06-30 09:55:39 +0200","[wa-config] top-down review in progress. App.php : Up to ExtendablePluginDescription, debuging paralelle save eReview in progress"
"b5b1f570","Mickaël MOREAU","2022-06-30 09:34:31 +0200","[wa-config] top-down review in progress. App.php : Up to Admin/Notice, inner review updates issue solved, was due to overprecautions"
"e54c664c","Mickaël MOREAU","2022-06-30 08:58:54 +0200","[wa-config] top-down review in progress. App.php : Up to Admin/Notice, parallel load with MoonKiosk having inner review updates issue"
"9114adc4","Mickaël MOREAU","2022-06-30 08:31:53 +0200","[wa-config] top-down review in progress. App.php : Up to Admin/Notice, parallel load with MoonKiosk having inner review updates issue"
"a0dcb7fb","Mickaël MOREAU","2022-06-30 07:49:28 +0200","[wa-config] top-down review in progress. App.php : Up to Admin/Notice, All sound OK, front-head deploy no more complains in debug log, all sound OK"
"baf67723","Mickaël MOREAU","2022-06-30 07:08:53 +0200","[wa-config] top-down review in progress. App.php : Up to Admin/Notice, DID FOUND buggy custom type losing menu_icon definition reason : Pods Plugin is playing with our custom wa-mission too in our dev env where we did add a custom pods on wa-mission..."
"1da43044","Mickaël MOREAU","2022-06-30 06:31:39 +0200","[wa-config] top-down review in progress. App.php : Up to Admin/Notice, try to track buggy custom type losing menu_icon definition after CPT registration OK..."
"76ebf6e9","Mickaël MOREAU","2022-06-30 06:30:01 +0200","[wa-config] top-down review in progress. App.php : Up to Admin/Notice, try to track buggy custom type losing menu_icon definition after CPT registration OK..."
"6f611387","Mickaël MOREAU","2022-06-30 06:24:27 +0200","[wa-config] top-down review in progress. App.php : Up to Utils strEndsWith, try to track buggy custom type losing menu_icon definition after CPT registration OK..."
"0a3f5bd4","Mickaël MOREAU","2022-06-30 06:10:25 +0200","[wa-config] top-down review in progress. App.php : Up to Utils strEndsWith, try to track buggy custom type losing menu_icon definition after CPT registration OK..."
"0fed7643","Mickaël MOREAU","2022-06-30 05:16:21 +0200","[wa-config] top-down review in progress. App.php : Up to Utils strEndsWith"
"6e3de247","Mickaël MOREAU","2022-06-30 05:08:52 +0200","[wa-config] top-down review in progress. App.php : Up to AppInterface::e2e_test_do_backup() OK"
"63328295","Mickaël MOREAU","2022-06-30 04:22:00 +0200","[wa-config] top-down review in progress. App.php : Up to AppInterface::e2e_test_action() OK"
"5809a287","Mickaël MOREAU","2022-06-30 01:45:21 +0200","[wa-config] top-down review in progress. App.php : Up to Translatable trait, trying to quick debug wa-mission custom post type, having menu_icon removed after post type register ?"
"7e6bc6a9","Mickaël MOREAU","2022-06-29 23:50:02 +0200","[wa-config] top-down review in progress. App.php : Up to Translatable trait, improving code structuration + add a custom php source cleaner to replace not allowed obfuscator (keep doc comments, clean all other comments)"
"5803ec99","Mickaël MOREAU","2022-06-29 23:32:00 +0200","[wa-config] top-down review in progress. App.php : Up to Translatable trait, improving code structuration + add a custom php source cleaner to replace not allowed obfuscator (keep doc comments, clean all other comments)"
"c403acdc","Mickaël MOREAU","2022-06-29 17:40:40 +0200","[wa-config] top-down review in progress. App.php : Up to Translatable trait, improving debugs"
"806b7492","Mickaël MOREAU","2022-06-29 17:25:29 +0200","[wa-config] top-down review in progress. App.php : Up to Translatable trait, improving debugs"
"ded6226f","Mickaël MOREAU","2022-06-29 17:11:53 +0200","[wa-config] top-down review in progress. App.php : Up to Translatable trait, improving debugs"
"07ef5740","Mickaël MOREAU","2022-06-29 11:36:40 +0200","[wa-config] top-down review in progress. App.php : Up to Translatable trait"
"8c00ca0a","Mickaël MOREAU","2022-06-29 11:33:37 +0200","[wa-config] top-down review in progress. App.php : Up to Translatable trait"
"45c4d3aa","Mickaël MOREAU","2022-06-29 11:18:11 +0200","[wa-config] top-down review in progress. App.php : Up to Editable trait"
"b59ca9f9","Mickaël MOREAU","2022-06-29 11:14:49 +0200","[wa-config] top-down review in progress. App.php : Up to Editable trait"
"af6c893c","Mickaël MOREAU","2022-06-29 11:14:25 +0200","[wa-config] top-down review in progress. App.php : Up to Editable trait"
"eecf83c2","Mickaël MOREAU","2022-06-29 11:09:12 +0200","[wa-config] top-down review in progress. App.php : Up to Degubale => OK."
"ecb6cb22","Mickaël MOREAU","2022-06-29 10:48:58 +0200","[wa-config] top-down review in progress. App.php : WPActions enum doc OK."
"525cf186","Mickaël MOREAU","2022-06-29 10:15:09 +0200","[wa-config] top-down review in progress. App.php : WPFilters enum doc OK."
"cfc01927","Mickaël MOREAU","2022-06-29 09:51:08 +0200","[wa-config] top-down review in progress. App.php : WPFilters enum doc OK."
"1a82f325","Mickaël MOREAU","2022-06-29 09:42:56 +0200","[wa-config] top-down review in progress. App.php : WPFilters enum doc OK."
"143a9d92","Mickaël MOREAU","2022-06-29 09:39:23 +0200","[wa-config] top-down review in progress. App.php : WPFilters enum doc OK."
"290b87b1","Mickaël MOREAU","2022-06-29 08:06:54 +0200","[wa-config] staring bottom-donw review. App.php : Main App class entry point doc OK"
"8d60dc82","Mickaël MOREAU","2022-06-29 07:26:14 +0200","[wa-config] staring bottom-donw review. App.php : namespace doc header OK"
"7d6da20b","Mickaël MOREAU","2022-06-29 00:34:35 +0200","[wa-config] wa-skill and wa-mission debug improvements"
"ed76491b","Mickaël MOREAU","2022-06-28 23:09:05 +0200","[wa-config] wa-skill taxonomies data control seem ok on single wa-config launch, but menu positions have issue, still in progress"
"57ad5702","Mickaël MOREAU","2022-06-28 09:34:21 +0200","[wa-config] EditableReview logic renames sounds OK, but wa-skill taxonomies data control fail to add taxonomies without errors or complains, missing computed data on skills listings..."
"a495be02","Mickaël MOREAU","2022-06-28 01:53:25 +0200","[wa-config] extracted EditableReview trait sound more stable, having regression on taxonomy or refactor side effetc ? no more wa-skill pre-loaded on review page refresh... Refactor in progress, will need to e_admin_config style rename to e_review"
"86940259","Mickaël MOREAU","2022-06-28 00:45:39 +0200","[wa-config] spliting review system with one option only and eConfOptReviewsInternalPreUpdateAction check to a double option save : one for SettingsForm and one for DataStore. Buggy multi-load sound solved. Refactor in progress"
"5b8196f0","Mickaël MOREAU","2022-06-27 23:20:47 +0200","[wa-config] did extract Review panel feature from EditableConfigPanels to EditableReview trait. Refactor in progress"
"d277946e","Mickaël MOREAU","2022-06-27 20:12:35 +0200","[wa-config] parallel loads improvements, review system too big, will rewrite as standalone trait and clean it from EditableAdminTrait"
"c53fd463","Mickaël MOREAU","2022-06-27 08:36:23 +0200","[wa-config] parallel loads improvements"
"e17326ac","Mickaël MOREAU","2022-06-27 08:27:51 +0200","[wa-config] parallel loads improvements"
"f441946a","Mickaël MOREAU","2022-06-27 04:47:15 +0200","[wa-config] parallel loads improvements in progress, class load re-ordering actions sound OK"
"cfc9fc0b","Mickaël MOREAU","2022-06-27 00:15:11 +0200","[wa-config] parallel loads improvements in progress, will allow config reviews per plugin folder"
"df89463d","Mickaël MOREAU","2022-06-26 23:57:17 +0200","[wa-config] parallel loads improvements in progress, will allow config reviews per plugin folder"
"2db184a3","Mickaël MOREAU","2022-06-26 22:11:25 +0200","[wa-config] parallel loads improvements in progress + connect wa-config log output to QueryManager plugin's log output"
"8aa0733c","Mickaël MOREAU","2022-06-26 20:34:20 +0200","[wa-config] parallel loads improvements in progress"
"71f3b9c7","Mickaël MOREAU","2022-06-26 20:10:02 +0200","[wa-config] moving plugin loads order for parallel loads in progress, end-user UI and usage ok. Still need to move plugins order."
"f266df7a","Mickaël MOREAU","2022-06-26 05:42:08 +0200","[wa-config] moving plugin loads order for parallel loads in progress"
"15672edd","Mickaël MOREAU","2022-06-26 04:03:12 +0200","[wa-config] allow delete of all wa-config rest API access data from admin parameter panel for administrator only"
"64982b68","Mickaël MOREAU","2022-06-26 03:50:27 +0200","[wa-config] allow delete of all wa-config rest API access data from admin parameter panel for administrator only"
"2de4b553","Mickaël MOREAU","2022-06-26 01:37:59 +0200","[wa-config] improving wa-config wa-deploy.cjs, succed to pop Chrome application, close on login success and retry deploy OK. End-user egronomy adaptation OK"
"48f6feee","Mickaël MOREAU","2022-06-25 23:11:58 +0200","[wa-config] improving wa-config wa-deploy.cjs, will not be able to get content text easily, will switch to header or get param validation system"
"86e1d16f","Mickaël MOREAU","2022-06-25 20:16:01 +0200","[wa-config] improving wa-config wa-deploy.cjs"
"04d93ce0","Mickaël MOREAU","2022-06-25 08:42:43 +0200","[wa-config] improving wa-config rest API debugs, admin ergonomies, etc..."
"08851031","Mickaël MOREAU","2022-06-25 05:31:52 +0200","[wa-config] improving wa-config rest API debugs, admin ergonomies, etc..."
"30c995b2","Mickaël MOREAU","2022-06-25 05:23:27 +0200","[wa-config] improving wa-config rest API debugs, admin ergonomies, etc..."
"44b39747","Mickaël MOREAU","2022-06-25 05:21:25 +0200","[wa-config] improving wa-config rest API debugs, admin ergonomies, etc..."
"17536fc2","Mickaël MOREAU","2022-06-25 04:45:29 +0200","[wa-config] improving wa-config rest API debugs, admin ergonomies, etc..."
"bbd89cae","Mickaël MOREAU","2022-06-25 02:37:24 +0200","[wa-config] improving wa-config rest API debugs, admin ergonomies, etc..."
"5791b991","Mickaël MOREAU","2022-06-24 23:40:25 +0200","[wa-config] improving wa-config rest API debugs, admin ergonomies, etc..."
"cbfb708b","Mickaël MOREAU","2022-06-23 18:25:41 +0200","[wa-config] cleaning pdf.js debug file to save memory"
"b3550f4e","Mickaël MOREAU","2022-06-23 18:22:48 +0200","[wa-config] adding suggestion list for wa-config fronthead admin param"
"66c7ba59","Mickaël MOREAU","2022-06-23 18:02:20 +0200","[wa-config] adding suggestion list for wa-config fronthead admin param"
"68ebabf2","Mickaël MOREAU","2022-06-23 09:10:35 +0200","[wa-config] preparing for heads suggestion system"
"bce4c036","Mickaël MOREAU","2022-06-22 20:44:54 +0200","[wa-config] tools/wa-deploy.cjs improving usability and debug"
"9f54cf5e","Mickaël MOREAU","2022-06-22 20:39:23 +0200","[wa-config] improving documentation"
"03d374e6","Mickaël MOREAU","2022-06-22 20:30:19 +0200","[wa-config] improving documentation"
"91dd658d","Mickaël MOREAU","2022-06-22 20:05:10 +0200","[wa-config] tools/wa-deploy.cjs improving usability and debug"
"b993564e","Mickaël MOREAU","2022-06-22 20:02:31 +0200","[wa-config] tools/wa-deploy.cjs improving usability and debug"
"8eb17dfc","Mickaël MOREAU","2022-06-22 19:27:49 +0200","[wa-config] tools/wa-deploy.cjs adding encryption and improving debug"
"92d8f44a","Mickaël MOREAU","2022-06-22 08:17:28 +0200","[wa-config] in progress"
"0cea8698","Mickaël MOREAU","2022-06-22 06:44:09 +0200","[wa-config] improving wa-deploy.cjs and documentation about it"
"faef6a0b","Mickaël MOREAU","2022-06-22 01:20:27 +0200","[wa-config] front head proxy sound OK. tools/wa-deploy.cjs is working fine under production server www.web-agency.app"
"0be069f0","Mickaël MOREAU","2022-06-22 00:21:07 +0200","[wa-config] improving front head proxy, using native wordpress 404 with error notice as html comment at top of error page on fronthead fails"
"43ec5410","Mickaël MOREAU","2022-06-21 19:28:01 +0200","[wa-config] succed to fix strange 406 'No Acceptable' error by using content-type specification on the uploaded file part for curl only, did failback to b64 zip encoding for now..."
"83de5b9e","Mickaël MOREAU","2022-06-21 19:24:35 +0200","[wa-config] succed to fix strange 406 'No Acceptable' error by using content-type specification on the uploaded file part for curl only, did failback to b64 zip encoding for now..."
"34ee07da","Mickaël MOREAU","2022-06-21 19:24:35 +0200","[wa-config] succed to fix strange 406 'No Acceptable' error by using content-type specification on the uploaded file part for curl only, did failback to b64 zip encoding for now..."
"0dcc21a8","Mickaël MOREAU","2022-06-21 18:17:13 +0200","[wa-config] succed to fix strange 406 'No Acceptable' error by using content-type specification on the uploaded file part"
"a5457fac","Mickaël MOREAU","2022-06-21 18:10:51 +0200","[wa-config] succed to fix strange 406 'No Acceptable' error by using content-type specification on the uploaded file part"
"68e76e7f","Mickaël MOREAU","2022-06-21 06:14:44 +0200","[wa-config] adding deploy script base example for node environements in progress"
"91165aac","Mickaël MOREAU","2022-06-21 02:15:14 +0200","[wa-config] fixing for production builds, still having Client browser does not accept the MIME type of the requested page error, may be prod server issue ?"
"6cbe31a2","Mickaël MOREAU","2022-06-21 01:49:34 +0200","[wa-config] fixing for production builds"
"27628669","Mickaël MOREAU","2022-06-21 01:38:12 +0200","[wa-config] importing Miguel Monwoo R&D knowledge from BrowserProxy for front heads zip deploy feature"
"0b9fe6e4","Mickaël MOREAU","2022-06-20 23:46:12 +0200","[wa-config] wa-config api secu and error flow in progress + improving debugs"
"b7e28feb","Mickaël MOREAU","2022-06-20 23:40:57 +0200","[wa-config] wa-config api secu and error flow in progress + improving debugs"
"ca8e082b","Mickaël MOREAU","2022-06-20 19:22:12 +0200","[wa-config] wa-config api secu and error flow in progress"
"be3c3ed7","Mickaël MOREAU","2022-06-20 18:25:28 +0200","[wa-config] wa-config api secu and error flow in progress"
"5dc2e0a3","Mickaël MOREAU","2022-06-20 06:22:34 +0200","[wa-config] wa-config front head zip bundle publish api in progress"
"38d25bbb","Mickaël MOREAU","2022-06-20 04:56:38 +0200","[wa-config] api authentification doc and human test until deploy action script OK"
"a0369c36","Mickaël MOREAU","2022-06-20 02:16:40 +0200","[wa-config] prefetch access for custom zip front head deploy OK"
"05fe3b4b","Mickaël MOREAU","2022-06-19 20:31:52 +0200","[wa-config] improving Debugs tool, fine locating errors from php Warnings or Notices"
"cf557931","Mickaël MOREAU","2022-06-19 11:33:10 +0200","[wa-config] improving ApiFrontHeadSynchronizable, multi-param inputs in progress"
"ac3bf555","Mickaël MOREAU","2022-06-19 08:52:51 +0200","[wa-config] improving ApiInstanciable, multi-param inputs OK, still need to do the moves"
"a75bb7d3","Mickaël MOREAU","2022-06-19 06:56:41 +0200","[wa-config] api fronthead authenticated nonce check and curl fetch documentation OK"
"ea988f33","Mickaël MOREAU","2022-06-19 02:50:39 +0200","[wa-config] api fronthead sync deploy from zip in progress"
"c6b24b27","Mickaël MOREAU","2022-06-19 00:56:45 +0200","[wa-config] en_US translations sounds OK"
"68719444","Mickaël MOREAU","2022-06-19 00:34:26 +0200","[wa-config] fixing review plugin links issue from inside popup by transforming links as external links to new tab"
"eb50c2c6","Mickaël MOREAU","2022-06-19 00:12:05 +0200","[wa-config] en_US translations in progress"
"c176b7bb","Mickaël MOREAU","2022-06-19 00:09:27 +0200","[wa-config] en_US translations in progress"
"d91a0e58","Mickaël MOREAU","2022-06-18 22:53:00 +0200","[wa-config] translations in progress"
"250c6b80","Mickaël MOREAU","2022-06-18 22:38:41 +0200","[wa-config] fixing wa-config automatic review to allow language switch with automatic reviews ok in new language and old computed translation removed (keeping Human translation without change)"
"8eb2b904","Mickaël MOREAU","2022-06-18 20:29:53 +0200","[wa-config] translations in progress"
"a79607e2","Mickaël MOREAU","2022-06-18 19:59:41 +0200","[wa-config] es_ES translations OK, en_US translations in progress"
"b2758f97","Mickaël MOREAU","2022-06-18 19:58:48 +0200","[wa-config] es_ES translations OK, en_US translations in progress"
"8524969d","Mickaël MOREAU","2022-06-18 19:36:20 +0200","[wa-config] es_ES translations and testings in progress"
"98cd437a","Mickaël MOREAU","2022-06-18 09:43:03 +0200","[wa-config] fr_FR translations sound OK, es_ES in progress"
"9da85164","Mickaël MOREAU","2022-06-18 07:28:56 +0200","[wa-config] adding debug warning if debug enabled under wa-config review panel"
"aebe8171","Mickaël MOREAU","2022-06-18 06:14:22 +0200","[wa-config] render wa_end_date in ISO format for REST endpoint"
"8187309e","Mickaël MOREAU","2022-06-18 05:29:32 +0200","[wa-config] making wa_end_date custom post meta accessible from json rest API"
"3901b1a6","Mickaël MOREAU","2022-06-18 05:28:44 +0200","[wa-config] making wa_end_date custom post meta accessible from json rest API"
"80534261","Mickaël MOREAU","2022-06-18 05:28:12 +0200","[wa-config] making wa_end_date custom post meta accessible from json rest API"
"9b92aa2b","Mickaël MOREAU","2022-06-18 04:41:53 +0200","[wa-config] reducing production build size by removing some heavy pdf doc"
"59d04901","Mickaël MOREAU","2022-06-18 04:15:35 +0200","[wa-config] improving review with plugin list for caching, optimisation and SEO"
"359d3d18","Mickaël MOREAU","2022-06-18 03:33:25 +0200","[wa-config] fixing htaccess test issue and add example of external usage of wa log API in test EXT_TEST_htaccessIsEnabled.php"
"17ad59a1","Mickaël MOREAU","2022-06-18 01:34:10 +0200","[wa-config] fixing htaccess test issue and add example of external usage of wa log API in test EXT_TEST_htaccessIsEnabled.php"
"bccd2711","Mickaël MOREAU","2022-06-17 09:02:33 +0200","[wa-config] using admin_email setting instead of hard coded on for the wa footer"
"17d076f4","Mickaël MOREAU","2022-06-17 05:33:47 +0200","[wa-config] improving filtered and allowed list meanings"
"6b2555af","Mickaël MOREAU","2022-06-17 05:20:00 +0200","[wa-config] improving hybrid headless features"
"8c5d47b6","Mickaël MOREAU","2022-06-16 21:40:13 +0200","[wa-config] fixing check box not activating the parameter issue"
"bb1e8b87","Mickaël MOREAU","2022-06-16 17:44:53 +0200","[wa-config] fixing ReadMe.md stuff, etc..."
"043b55e9","Mickaël MOREAU","2022-06-16 17:34:59 +0200","[wa-config] fixing ReadMe.md stuff, etc..."
"091ef57d","Mickaël MOREAU","2022-06-16 17:12:04 +0200","[wa-config] bug-fixing hybrid headless param configs + bugfixing stuffs"
"d66d3aaf","Mickaël MOREAU","2022-06-16 12:39:08 +0200","[wa-config] adding multiple external frontend as head proxy"
"81242e51","Mickaël MOREAU","2022-06-16 11:12:31 +0200","[wa-config] adding multiple external frontend as head proxy"
"7735a83b","Mickaël MOREAU","2022-06-16 05:25:08 +0200","[wa-config] improving design"
"c01f7474","Mickaël MOREAU","2022-06-16 05:12:26 +0200","[wa-config] ajusting oceanwp layout for our wa-mission custom post type"
"763080eb","Mickaël MOREAU","2022-06-16 03:09:59 +0200","[wa-config] adding woo-commerce integration and some design adjustments"
"acb1d52b","Mickaël MOREAU","2022-06-15 23:35:49 +0200","[wa-config] adding templates feature for wa-mission"
"9d31cf7c","Mickaël MOREAU","2022-06-15 23:30:19 +0200","[wa-config] trying to display data meta of custom-post type wa-mission like for regular Post showing dates,views, etc..."
"ba7994db","Mickaël MOREAU","2022-06-15 22:18:34 +0200","[wa-config] trying to display data meta of custom-post type wa-mission like for regular Post showing dates,views, etc... + add animated versions of wa-config logo"
"2474637f","Mickaël MOREAU","2022-06-15 00:40:28 +0200","[wa-config] fixing permalink issue, but might found a more optimized way to do it"
"9a326576","Mickaël MOREAU","2022-06-14 22:51:03 +0200","[wa-config] using translated text area for footer template"
"658dff16","Mickaël MOREAU","2022-06-14 19:36:46 +0200","[wa-config] allowing translations of footer credit or template from admin parameters"
"7d97cb0e","Mickaël MOREAU","2022-06-14 07:33:53 +0200","[wa-config] adding git logs"
"03d599c0","Mickaël MOREAU","2022-06-14 07:27:50 +0200","[wa-config] wordings"
"6cd12c6b","Mickaël MOREAU","2022-06-14 06:51:43 +0200","[wa-config] adding pre-clean stuffs"
"52b054db","Mickaël MOREAU","2022-06-14 06:46:24 +0200","[wa-config] thinking about parameters polylang quick edit hacks"
"0db10974","Mickaël MOREAU","2022-06-14 06:26:21 +0200","[wa-config] fixing translation and improving custom credits template"
"c6f7c41d","Mickaël MOREAU","2022-06-14 05:59:17 +0200","[wa-config] ajusting config to enable wa-config footer credits under 'oceanwp' theme"
"c164c057","Mickaël MOREAU","2022-06-14 05:27:37 +0200","[wa-config] adding TranslatableProduct to allow polylang plugin translations of WooCommerce products dans taxonomies"
"395d72ad","Mickaël MOREAU","2022-06-13 08:16:24 +0200","[wa-config] adding wa-mission and wa-skill menu links"
"6b19ab87","Mickaël MOREAU","2022-06-13 06:55:05 +0200","[wa-config] Locotranslate with yandex plugin .mo translations for es_ES and failling for en_US"
"46cd6a2c","Mickaël MOREAU","2022-06-13 06:54:04 +0200","[wa-config] Locotranslate with yandex plugin .mo translations for es_ES and failling for en_US"
"d2e9b470","Mickaël MOREAU","2022-06-13 06:46:20 +0200","[wa-config] Locotranslate with yandex plugin .mo translations for fr_FR"
"4735fd08","Mickaël MOREAU","2022-06-13 06:43:05 +0200","[wa-config] preparing plugin .mo translations"
"53894287","Mickaël MOREAU","2022-06-13 04:44:27 +0200","[wa-config] adding language support for usage with polylang plugin"
"d6b47432","Mickaël MOREAU","2022-06-13 02:45:53 +0200","[wa-config] bug fixing missing wa-mission post type by using PODS instead of custom-post-type-widget-blocks (disabled for now)"
"8fc66b5b","Mickaël MOREAU","2022-06-12 23:26:06 +0200","[wa-config] bug fixing missing wa-mission post type still in progress : maybe 3 items limited for custom-post-type-widget-blocks or WP Ocean extra side effect"
"f6b5a1ae","Mickaël MOREAU","2022-06-12 22:29:17 +0200","[wa-config] bug fixing sub bug of missing wa-mission post type (side effect error fixed)"
"48261ebb","Mickaël MOREAU","2022-06-12 19:15:04 +0200","[wa-config] bug fixing"
"fd9812ad","Mickaël MOREAU","2022-06-12 18:46:11 +0200","[wa-config] trying to solve missing post type listing for wa-mission inside custom-post type plugin (regression ? was working)"
"8a122013","Mickaël MOREAU","2022-06-10 10:54:00 +0200","[wa-config] improving doc and translations"
"8930b1c4","Mickaël MOREAU","2022-06-08 23:19:27 +0200","[wa-config] i18n url translations sound too big for simple wa-config project, replaced by translation plugin activation check from the review panel"
"e095e930","Mickaël MOREAU","2022-06-08 08:46:09 +0200","[wa-config] ajusting i18n url translations in progress"
"b972d7e8","Mickaël MOREAU","2022-06-08 08:20:23 +0200","[wa-config] ajusting i18n url translations in progress"
"1406150d","Mickaël MOREAU","2022-06-08 05:43:04 +0200","[wa-config] improving checkpoint reviews import/export per user capabilites + improving assets for plugin submission"
"fe900678","Mickaël MOREAU","2022-06-08 03:42:18 +0200","[wa-config] removing meaningless action 'Disable' for computed reviews that will be re-computed on each review report page refresh..."
"bd90bf0f","Mickaël MOREAU","2022-06-08 03:32:55 +0200","[wa-config] adding activation test for 'Query Monitor' plugin when debug mode is activated"
"7192b65a","Mickaël MOREAU","2022-06-08 00:18:39 +0200","[wa-config] adding activation test for email log plugin and add a trash system for computed checkpoint reviews"
"6fe04307","Mickaël MOREAU","2022-06-07 20:23:12 +0200","[wa-config] improving readme.txt and assets for plugin submission"
"0c861000","Mickaël MOREAU","2022-06-07 17:27:56 +0200","[wa-config] adding basic review to test activation of common plugins with easy link to activate it, Done in the wp modal way..."
"9b7890e6","Mickaël MOREAU","2022-06-07 17:22:06 +0200","[wa-config] adding basic review to test activation of common plugins with easy link to activate it, Done in the wp modal way..."
"fb59c7d0","Mickaël MOREAU","2022-06-07 05:55:40 +0200","[wa-config] testing on fresh updated install from wp 5.9 to 6, having error add_submenu_page undefined, wrong upgrade or stuff to fix ?"
"62307409","Mickaël MOREAU","2022-06-07 05:10:44 +0200","[wa-config] improving browser compatibility review report"
"d9cfd0f7","Mickaël MOREAU","2022-06-06 16:13:26 +0200","[wa-config] logo integration + artistic rebuild for low-size resolution"
"8ca8c236","Mickaël MOREAU","2022-06-06 15:49:57 +0200","[wa-config] adding 'wa-config by Monwoo' logo"
"dfa669ef","Mickaël MOREAU","2022-06-06 03:27:30 +0200","[wa-config] allow quick edit of end-date metabox from wa-mission post list"
"debf5a10","Mickaël MOREAU","2022-06-05 22:51:15 +0200","[wa-config] adding end-date metabox save and frontend display OK"
"bbeffcb2","Mickaël MOREAU","2022-06-05 21:57:29 +0200","[wa-config] adding end-date metabox for wa-mission custom post type"
"69277511","Mickaël MOREAU","2022-06-05 02:00:06 +0200","[wa-config] in progress"
"2821904d","Mickaël MOREAU","2022-06-04 10:10:31 +0200","[wa-config] refactoring in progress for url rewriting to fit internationalization"
"dbe5e99d","Mickaël MOREAU","2022-06-04 05:15:02 +0200","[wa-config] refactoring in progress for plugin submission + ensure production stuff"
"8f439bea","Mickaël MOREAU","2022-06-03 20:28:18 +0200","[wa-config] refactoring in progress for plugin submission, switching from MIT licence to Apache-2.0 licence + refactor in progress to migrate web-agency.app not available anymore for plugin hosting to moon-kiosk.monwoo.com/(...missions/wa-config ?...)"
"81698a1c","Mickaël MOREAU","2022-06-02 15:39:28 +0200","[wa-config] building for production tests"
"02311765","Mickaël MOREAU","2022-06-02 03:36:31 +0200","[wa-config] ajusting e2e tests"
"a49a65fd","Mickaël MOREAU","2022-06-02 03:16:48 +0200","[wa-config] reviews for full optimisation levels ok"
"9b366b4c","Mickaël MOREAU","2022-06-02 02:50:57 +0200","[wa-config] reviews for medium optimisation levels ok, still in progress for 'full' optimisation level"
"6800e234","Mickaël MOREAU","2022-06-02 00:27:13 +0200","[wa-config] preparing for internationalization reviews for FR/EN/ES languages"
"48476e09","Mickaël MOREAU","2022-06-02 00:16:27 +0200","[wa-config] improving paralelization by allowing to chose a master load plugin to load first for class overloads consistency"
"ada51609","Mickaël MOREAU","2022-06-01 23:48:53 +0200","[wa-config] improving wa-skill and wa-mission user interfaces"
"e188a2d0","Mickaël MOREAU","2022-06-01 15:36:49 +0200","[wa-config] fixing doc generation issue. Inline function inside method break phpdocumentor"
"ede2c2dc","Mickaël MOREAU","2022-06-01 14:35:11 +0200","[wa-config] improving custom post type wa-skill sub-menu design"
"72705289","Mickaël MOREAU","2022-06-01 14:22:22 +0200","[wa-config] moving custom post type wa-skill under wa-config main menu simple draft"
"b5f3f1b8","Mickaël MOREAU","2022-05-29 14:18:52 +0200","[wa-config] improving 'wa-skill Taxonomy' and 'wa-mission Post' conceptions"
"7e94b2e8","Mickaël MOREAU","2022-05-27 08:08:37 +0200","[wa-config] Adding privacy css effect to show password on mouse hover or focus only"
"5f82520d","Mickaël MOREAU","2022-05-27 07:08:04 +0200","[wa-config] Adding Skill terms data review fully ok to add terms or show warning or diff between plugin and user db versions"
"744daab8","Mickaël MOREAU","2022-05-27 01:10:51 +0200","[wa-config] Mission and Skill in progress"
"40722c64","Mickaël MOREAU","2022-05-26 16:10:07 +0200","[wa-config] Mission and Skill in progress"
"91b415ba","Mickaël MOREAU","2022-05-26 14:35:04 +0200","[wa-config] Mission and Skill in progress"
"5928c51c","Mickaël MOREAU","2022-05-26 09:31:26 +0200","[wa-config] starting Post and Taxonomy customisation for Mission and Skill business values"
"e099e102","Mickaël MOREAU","2022-05-26 06:00:09 +0200","[wa-config] improving acceptance tests to handler local version of codecept clash with .phar tool sound OK"
"d47f3875","Mickaël MOREAU","2022-05-26 03:37:17 +0200","[wa-config] improving acceptance tests backup and reloads"
"d96b8d5c","Mickaël MOREAU","2022-05-26 03:01:03 +0200","[wa-config] zip backup to be able to download huge file buggy limit solved by using wp_ob_end_flush_all before heavy output writes"
"b6c1d2da","Mickaël MOREAU","2022-05-26 02:30:38 +0200","[wa-config] zip backup to be able to download huge file buggy limit solved by using wp_ob_end_flush_all before heavy output writes"
"8e02198a","Mickaël MOREAU","2022-05-26 02:02:23 +0200","[wa-config] testing zip backup to be able to download huge files even with restricted php memory limits"
"f5c41dad","Mickaël MOREAU","2022-05-26 01:11:02 +0200","[wa-config] improve zip backup to be able to download huge files from secured PHP script"
"47e66706","Mickaël MOREAU","2022-05-25 20:43:53 +0200","[wa-config] add full and simple zip backup and download from tests launch ok"
"3ab8355c","Mickaël MOREAU","2022-05-25 02:23:07 +0200","[wa-config] add full SQL backup and download from tests launch ok"
"2e91cfd6","Mickaël MOREAU","2022-05-24 19:03:42 +0200","[wa-config] add warnings and tool accessible from the test launch screen to ensure SQL backup is done and easy to download before we click on test launch"
"39f5a0b3","Mickaël MOREAU","2022-05-24 10:26:39 +0200","[wa-config] adjustments for production build"
"a2b84079","Mickaël MOREAU","2022-05-24 08:16:29 +0200","[wa-config] improving acceptance tests"
"785ce384","Mickaël MOREAU","2022-05-24 06:48:31 +0200","[wa-config] improving acceptance tests"
"87e56f2a","Mickaël MOREAU","2022-05-24 06:43:31 +0200","[wa-config] improving acceptance tests, transfering e2e access to low level php streams"
"6d30695b","Mickaël MOREAU","2022-05-24 06:10:56 +0200","[wa-config] improving acceptance tests"
"dcd54f23","Mickaël MOREAU","2022-05-24 05:18:46 +0200","[wa-config] improving acceptance tests"
"a15f5ab0","Mickaël MOREAU","2022-05-24 02:45:59 +0200","[wa-config] improving acceptance test fail points"
"bcc3bcc1","Mickaël MOREAU","2022-05-24 00:30:17 +0200","[wa-config] full acceptance test example doing authenticated actions, ensuring email flow and rolling back comments and email logs"
"c167c835","Mickaël MOREAU","2022-05-23 22:16:32 +0200","[wa-config] improving acceptance tests debugs"
"0b410a78","Mickaël MOREAU","2022-05-23 19:03:17 +0200","[wa-config] improving acceptance tests to launch with .phar or advanced vendors packages"
"e043587e","Mickaël MOREAU","2022-05-23 18:15:09 +0200","[wa-config] improving acceptance tests to allow email testing in progress"
"2a1d66bc","Mickaël MOREAU","2022-05-23 09:02:09 +0200","[wa-config] improving acceptance tests to allow email testing, need email action to test it..."
"057f7021","Mickaël MOREAU","2022-05-23 08:01:08 +0200","[wa-config] improving acceptance tests"
"5358c021","Mickaël MOREAU","2022-05-23 05:27:41 +0200","[wa-config] improving acceptance tests, test user login with rename system OK"
"a7f1f40b","Mickaël MOREAU","2022-05-23 04:57:35 +0200","[wa-config] improving acceptance tests, fixing test user login with same name OK, rename system in progress"
"b52d1b67","Mickaël MOREAU","2022-05-22 23:13:09 +0200","[wa-config] improving acceptance tests, fixing test user login rename system in progress"
"dc84d7aa","Mickaël MOREAU","2022-05-22 19:28:23 +0200","[wa-config] improving acceptance tests by fixing warnings and wrong logics visible from debug logs"
"1331d288","Mickaël MOREAU","2022-05-22 18:45:17 +0200","[wa-config] improving acceptance tests by adding REST JSON module part and fixing custom real test user auth"
"abe1f8ae","Mickaël MOREAU","2022-05-22 06:51:09 +0200","[wa-config] improving acceptance tests, removing user password for testing purpose, tagging and renaming user to keep track between real and test user actions"
"b0b8b882","Mickaël MOREAU","2022-05-22 02:29:58 +0200","[wa-config] improving acceptance tests, adding ways to ensure tests rollback or clean up"
"2883ea35","Mickaël MOREAU","2022-05-21 11:13:50 +0200","[wa-config] improving acceptance tests, trying to have some safe access, try to bring assert from unit test to acceptance tests"
"ea787f86","Mickaël MOREAU","2022-05-21 11:02:06 +0200","[wa-config] improving acceptance tests, trying to have some safe access, strange buggy null in _after while ok in _before..."
"2b69bf69","Mickaël MOREAU","2022-05-21 11:01:15 +0200","[wa-config] improving acceptance tests, trying to have some safe access, strange buggy null in _after while ok in _before..."
"6873806d","Mickaël MOREAU","2022-05-21 00:29:27 +0200","[wa-config] improving acceptance tests, trying to have some safe access"
"eeef0c77","Mickaël MOREAU","2022-05-20 16:15:18 +0200","[wa-config] improving acceptance tests by removing password needs for test auth-system in progress"
"09bd5e69","Mickaël MOREAU","2022-05-20 15:23:48 +0200","[wa-config] improving acceptance tests by removing password needs for test auth-system in progress"
"5f17c4f7","Mickaël MOREAU","2022-05-20 15:22:14 +0200","[wa-config] improving acceptance tests by removing password needs for test auth-system in progress"
"9bb34b11","Mickaël MOREAU","2022-05-20 13:12:52 +0200","[wa-config] improving acceptance tests by removing password needs for test auth-system in progress"
"60dbd34e","Mickaël MOREAU","2022-05-20 12:24:33 +0200","[wa-config] improving acceptance tests by removing password needs for test auth-system in progress"
"29ce9856","Mickaël MOREAU","2022-05-20 11:53:05 +0200","[wa-config] improving acceptance tests by removing password needs for test auth-system"
"8bec3fa0","Mickaël MOREAU","2022-05-20 11:41:00 +0200","[wa-config] improving dev env for acceptance tests"
"8d9e3974","Mickaël MOREAU","2022-05-20 10:38:46 +0200","[wa-config] improving dev env for acceptance tests"
"02e22d00","Mickaël MOREAU","2022-05-20 09:18:38 +0200","[wa-config] fixing acceptance tests"
"0dbae75d","Mickaël MOREAU","2022-05-20 09:00:49 +0200","[wa-config] fixing acceptance tests"
"07f7bf9a","Mickaël MOREAU","2022-05-20 04:25:59 +0200","[wa-config] in progress"
"9e6a01c9","Mickaël MOREAU","2022-05-20 03:11:13 +0200","[wa-config] bug fixing wrong rendering for review suggestion list + improve responsive design"
"b831c65f","Mickaël MOREAU","2022-05-20 02:48:45 +0200","[wa-config] bug fixing wrong rendering for review suggestion list + improve responsive design"
"8a7b3fa7","Mickaël MOREAU","2022-05-20 01:32:29 +0200","[wa-config] improving security access roles checks + add checkpoints csv export security before deleting all checkpoints"
"47e13dc8","Mickaël MOREAU","2022-05-20 01:26:42 +0200","[wa-config] improving security access roles checks + add checkpoints csv export security before deleting all checkpoints"
"662d800d","Mickaël MOREAU","2022-05-19 22:44:07 +0200","[wa-config] improving icons + CSV reviews import/export OK"
"cdb80a79","Mickaël MOREAU","2022-05-19 22:33:58 +0200","[wa-config] improving icons + CSV reviews import/export OK"
"c81e95d1","Mickaël MOREAU","2022-05-19 16:57:22 +0200","[wa-config] improving icons and start csv import feature"
"71153d74","Mickaël MOREAU","2022-05-18 05:01:50 +0200","[wa-config] in progress"
"0439f75a","Mickaël MOREAU","2022-05-18 01:05:53 +0200","[wa-config] iconisation des menus et des fonctionnalités du panel 'Revue qualité'"
"77d2535a","Mickaël MOREAU","2022-05-17 15:52:58 +0200","[wa-config] bug fix deleted reveiw ok + CSV reviews export sound OK"
"b36709b3","Mickaël MOREAU","2022-05-17 15:07:30 +0200","[wa-config] bug fix deleted reveiw ok + CSV reviews export sound OK"
"0b69fbe7","Mickaël MOREAU","2022-05-17 05:59:29 +0200","[wa-config] Did add CSV export of reviews + bug fix about deleted review not backuped in progress"
"f4227789","Mickaël MOREAU","2022-05-17 01:20:21 +0200","[wa-config] responsive design for wa-check-list"
"d158e8d7","Mickaël MOREAU","2022-05-16 16:57:04 +0200","[wa-config] bug fix after tests under prod environement. Preload WP Filesystem + ensure base64 encoded string to avoid html clash with data content"
"c0f523dc","Mickaël MOREAU","2022-05-16 16:52:54 +0200","[wa-config] bug fix after tests under prod environement. Preload WP Filesystem + ensure base64 encoded string to avoid html clash with data content"
"95f7b0e9","Mickaël MOREAU","2022-05-16 15:57:20 +0200","[wa-config] bug fix after tests done under productions demos."
"8028ed01","Mickaël MOREAU","2022-05-16 15:27:10 +0200","[wa-config] all wa-review actions sounds good + did improve initial checks"
"c83343a5","Mickaël MOREAU","2022-05-16 15:26:44 +0200","[wa-config] all wa-review actions sounds good + did improve initial checks"
"4d60224f","Mickaël MOREAU","2022-05-16 14:47:42 +0200","[wa-config] wa-review actions sounds good for duplicate and activate toggler"
"5ce01d73","Mickaël MOREAU","2022-05-16 13:05:01 +0200","[wa-config] improving nonce checks, adding full data model reste of reviews sections, wa-review actions still in progress"
"2a2225d0","Mickaël MOREAU","2022-05-15 14:56:21 +0200","[wa-config] wa-review-action ajax system and integration in progress, once check and data transferts ok, still need to save updated option or bug fix"
"251ae456","Mickaël MOREAU","2022-05-12 23:57:46 +0200","[wa-config] wa-review-action ajax system and integration in progress, adding nonce checks in progress"
"652cca82","Mickaël MOREAU","2022-05-12 23:57:27 +0200","[wa-config] wa-review-action ajax system and integration in progress, adding nonce checks in progress"
"c96b70b1","Mickaël MOREAU","2022-05-12 09:44:18 +0200","[wa-config] wa-review-action ajax system and integration in progress"
"4aeb8433","Mickaël MOREAU","2022-05-12 03:02:44 +0200","[wa-config] bugfix + preparing wa-review-action ajax system"
"b60b4bcf","Mickaël MOREAU","2022-05-12 00:06:27 +0200","[wa-config] bugfix duplicate checkpoint action in Review panel"
"894533cb","Mickaël MOREAU","2022-05-11 17:52:17 +0200","[wa-config] ensuring user capability access layers for review or param edit + add duplicate checkpoint action in Review panel"
"c0f97516","Mickaël MOREAU","2022-05-11 09:32:49 +0200","[wa-config] improving design and ergonomie of review checkpoints"
"58b64418","Mickaël MOREAU","2022-05-11 06:39:47 +0200","[wa-config] review checkpoint targetting capability or role access OK"
"1a6aafed","Mickaël MOREAU","2022-05-11 04:39:20 +0200","[wa-config] doing value replace instead of merge by adding rendered option in pre-update to keep option value clean from wrong data save"
"98f4ef93","Mickaël MOREAU","2022-05-11 04:11:12 +0200","[wa-config] did solve buggy checkbox input + improving design"
"18230e6a","Mickaël MOREAU","2022-05-11 00:27:10 +0200","[wa-config] cleaning review check list display + need to check if having regression on checkbox inputs or buggy datasave ?"
"b3e15f3c","Mickaël MOREAU","2022-05-10 19:10:17 +0200","[wa-config] add human review checkpoint persisted data OK"
"1da4ecba","Mickaël MOREAU","2022-05-10 17:37:45 +0200","[wa-config] add review form fields logics OK, still need to persist data"
"6c765aa6","Mickaël MOREAU","2022-05-10 15:12:57 +0200","[wa-config] adding debounce optimisation to suggest with delay parameter"
"26a6970f","Mickaël MOREAU","2022-05-10 06:26:03 +0200","[wa-config] add pre_update_option filter on review to prepare custom review list injection in admin options"
"ab444721","Mickaël MOREAU","2022-05-10 04:20:38 +0200","[wa-config] add search cache for suggestion listings and add review category suggestion list"
"de172114","Mickaël MOREAU","2022-05-09 16:46:29 +0200","[wa-config] add review config options"
"df773278","Mickaël MOREAU","2022-05-09 01:33:04 +0200","[wa-config] sanitize HTTP URL param 'q' from input GET request"
"3d8bae6c","Mickaël MOREAU","2022-05-09 01:23:10 +0200","[wa-config] removing duplicates from capabilities_and_roles list"
"37bd67e1","Mickaël MOREAU","2022-05-09 00:22:33 +0200","[wa-config] serializing the optimal class to add a cache backload of 15 minutes, allowing DB to send data results only once every 15 minutes"
"ab3369b1","Mickaël MOREAU","2022-05-08 19:27:55 +0200","[wa-config] adding optimised capAndRoles list using SplPriorityQueue"
"267be9fa","Mickaël MOREAU","2022-05-08 18:17:27 +0200","[wa-config] adding role suggestion list for wa-config parameters"
"84d1a077","Mickaël MOREAU","2022-05-08 02:37:05 +0200","[wa-config] working on custom JS and SCSS for expand animation under WA Config review panel"
"3b1f4664","Mickaël MOREAU","2022-05-07 19:01:49 +0200","[wa-config] working on custom JS and SCSS for expand animation under WA Config review panel"
"46d880dc","Mickaël MOREAU","2022-05-07 16:29:19 +0200","[wa-config] expand toggeler js algo ok, still working on CSS animation not triggering"
"75b70fc2","Mickaël MOREAU","2022-05-06 22:51:11 +0200","[wa-config] adding toggle collapse raw js ux for review section"
"29a1832a","Mickaël MOREAU","2022-05-06 20:44:00 +0200","[wa-config] improving review section and adding extra doc"
"23399989","Mickaël MOREAU","2022-05-06 03:59:46 +0200","[wa-config] improving review check list tool"
"870e1c68","Mickaël MOREAU","2022-05-06 00:05:55 +0200","[wa-config] starting review check list tool"
"e717b0e2","Mickaël MOREAU","2022-05-05 23:34:10 +0200","[wa-config] improving security"
"a37e7c38","Mickaël MOREAU","2022-05-05 23:30:08 +0200","[wa-config] writing external test to check if .htaccess is enabled on the server"
"b0ef1e6c","Mickaël MOREAU","2022-05-05 17:36:07 +0200","[wa-config] in progress"
"6e9b8bc2","Mickaël MOREAU","2022-05-05 17:28:35 +0200","[wa-config] allow backup and restore of acceptance tests folders by plugins names"
"fefd51f3","Mickaël MOREAU","2022-05-05 16:05:35 +0200","[wa-config] list all acceptance tests available for edition, trying to save having trouble with HTTP requests filters"
"4b0ada0a","Mickaël MOREAU","2022-05-05 12:51:20 +0200","[wa-config] improving speed by using memcache host services"
"4520ad21","Mickaël MOREAU","2022-05-05 11:00:41 +0200","[wa-config] remove wp_http_requests optimisation for CRONS jobs"
"f627f743","Mickaël MOREAU","2022-05-05 11:00:23 +0200","[wa-config] remove wp_http_requests optimisation for CRONS jobs"
"b51c0acf","Mickaël MOREAU","2022-05-05 10:45:57 +0200","[wa-config] starting backup system structure to save plugin updated test files event if plugin get's updated"
"3130902d","Mickaël MOREAU","2022-05-05 10:37:41 +0200","[wa-config] starting backup system structure to save plugin updated test files event if plugin get's updated"
"26bf000f","Mickaël MOREAU","2022-05-05 10:08:22 +0200","[wa-config] improving footer injection by allowing footer replacement for restaurant-food-delivery theme"
"153298a9","Mickaël MOREAU","2022-05-05 07:53:47 +0200","[wa-config] adding parameters admin panel end user documentation in FR OK"
"76a5e831","Mickaël MOREAU","2022-05-05 07:12:14 +0200","[wa-config] Miguel Monwoo R&D gift for translation function available inside php strings"
"2a0a5cb4","Mickaël MOREAU","2022-05-05 07:01:21 +0200","[wa-config] bugfixing rexEx error checks + improve meanings"
"05adeed0","Mickaël MOREAU","2022-05-05 06:44:50 +0200","[wa-config] improving meanings"
"082b4bf1","Mickaël MOREAU","2022-05-05 06:20:25 +0200","[wa-config] € sound like special char, encoding issue on option save or sanitizer stuff ? Well, solved by using $ instead of €"
"9376a74d","Mickaël MOREAU","2022-05-05 06:12:07 +0200","[wa-config] improving default values, and meanings + bug fix higher php version mistake, preg_last_error_msg only for php 8 and more..."
"512ffcdf","Mickaël MOREAU","2022-05-05 05:48:34 +0200","[wa-config] improving default values, doc and meanings"
"cdf079a8","Mickaël MOREAU","2022-05-05 02:07:59 +0200","[wa-config] improving private-doc, adding better adavanced e2e tests and doc, adding waConfidential package with private info for web-agency.app crons, add syntetic doc and error less WP Filters and actions by using ENUM class, etc..."
"0b0caaf5","Mickaël MOREAU","2022-05-04 05:07:00 +0200","[wa-config] fix bugy footer replacement for twentytwentytwo when using es_ES language + add regex white list"
"df0f33bb","Mickaël MOREAU","2022-05-04 01:00:25 +0200","[wa-config] fix bugy footer replacement for storefront"
"a5a3e753","Mickaël MOREAU","2022-05-04 00:24:20 +0200","[wa-config] adding WP HTTP Request filtering by regEx for Optim feature + fix bugy footer replacement for twentytwentytwo"
"01f8278f","Mickaël MOREAU","2022-05-03 21:13:16 +0200","[wa-config] adding Optimisable feature to speed up or warn user about speed actions + improving debug to show server side HTTP request done by WP framework only for now"
"728f0d8f","Mickaël MOREAU","2022-05-03 21:09:37 +0200","[wa-config] adding Optimisable feature to speed up or warn user about speed actions + improving debug to show server side HTTP request done by WP framework only for now"
"89ec966e","Mickaël MOREAU","2022-05-03 17:08:34 +0200","[wa-config] trying to replace only the site footer from all available template blocks, issue having it in header too..."
"39175ae5","Mickaël MOREAU","2022-05-03 16:08:55 +0200","[wa-config] customizing render_blocks for twentytwentytwo them with verbose debug of used blocks names"
"60cae061","Mickaël MOREAU","2022-05-02 22:38:56 +0200","[wa-config] footer link for twenty twenty two theme in progress"
"2c90725b","Mickaël MOREAU","2022-05-02 21:41:12 +0200","[wa-config] footer link for twenty twenty them OK"
"ceea88ed","Mickaël MOREAU","2022-05-02 18:54:43 +0200","[wa-config] improving docs, Trying to overwite twentytwenty footer.php template from plugin, having only main entry themes class for now, not sub parts..."
"5775f2c4","Mickaël MOREAU","2022-05-02 15:15:41 +0200","[wa-config] improving docs, adding footer template and end user test run editable capability check from WA Config"
"3380585f","Mickaël MOREAU","2022-05-02 15:12:22 +0200","[wa-config] improving docs, adding footer template and end user test run editable capability check from WA Config"
"54f8ca92","Mickaël MOREAU","2022-05-02 10:08:19 +0200","[wa-config] production build to test under wa-blog-basic.demo.web-agency.app"
"0982ea44","Mickaël MOREAU","2022-05-02 09:51:50 +0200","[wa-config] improving documentation, all public stuff seem documented, adding doc-private for full doc generated on dist build for versionning traces, cleaning un-used codes"
"722d4782","Mickaël MOREAU","2022-05-02 09:14:09 +0200","[wa-config] improving documentation, adding doc-private for full doc generated on dist build for versionning traces, cleaning un-used codes"
"4ea6b412","Mickaël MOREAU","2022-05-02 05:26:52 +0200","[wa-config] improving documentation, \WA\Config\Core fully documented"
"6366fa8f","Mickaël MOREAU","2022-05-02 03:44:44 +0200","[wa-config] improving documentation, cleaning code"
"2e58bbac","Mickaël MOREAU","2022-05-02 01:38:44 +0200","[wa-config] improving documentation, making translator work again, still not working with variable, need the full text, did tag them with comment instead : /*📜*/'wa-config'/*📜*/"
"4e3852e8","Mickaël MOREAU","2022-05-01 23:22:20 +0200","[wa-config] improving documentation, WA\Config\Core almost covered"
"42af516e","Mickaël MOREAU","2022-05-01 18:56:08 +0200","[wa-config] improving documentation and code sustainability"
"99b9047b","Mickaël MOREAU","2022-05-01 17:38:49 +0200","[wa-config] code refactoring for better package behavior understandings and doc improvements"
"ea1f2425","Mickaël MOREAU","2022-05-01 16:22:40 +0200","[wa-config] code refactoring, spliting codes and more generic to use base traits and classes"
"44b6bbf1","Mickaël MOREAU","2022-05-01 15:40:15 +0200","[wa-config] code refactoring, spliting codes and more generic to use base traits and classes"
"2e4bac47","Mickaël MOREAU","2022-05-01 02:36:18 +0200","[wa-config] code refactoring, spliting codes"
"6ca19266","Mickaël MOREAU","2022-05-01 01:17:18 +0200","[wa-config] improving documentation and fixing buggy stuff"
"9bcd92b6","Mickaël MOREAU","2022-04-30 22:49:15 +0200","[wa-config] avoid generated files commits"
"8291829d","Mickaël MOREAU","2022-04-30 22:47:48 +0200","[wa-config] avoid generated files commits"
"5a51fdb0","Mickaël MOREAU","2022-04-30 22:46:26 +0200","[wa-config] updating LICENSE to MIT and fix some wordings"
"25964e0a","Mickaël MOREAU","2022-04-30 22:28:02 +0200","[wa-config] adding link to edit EnsureAdminConfigPannelCest acceptance test + run codecept tests on demand only by clicking a run test link instead of running those on menu open"
"78ffca30","Mickaël MOREAU","2022-04-30 21:02:44 +0200","[wa-config] improving dist build process"
"d86ecd4a","Mickaël MOREAU","2022-04-30 20:45:54 +0200","[wa-config] allow acceptance test base url change from admin parameters"
"2821e53b","Mickaël MOREAU","2022-04-30 16:43:19 +0200","[wa-config] quick fix for production build validation"
"98e15fc5","Mickaël MOREAU","2022-04-30 16:31:35 +0200","[wa-config] improving documentation, and fixing production build, all sound GOOD, testing in production"
"00a098e8","Mickaël MOREAU","2022-04-30 15:34:58 +0200","[wa-config] improving documentation, multi config for full open doc or narrowed ones"
"27a1bb38","Mickaël MOREAU","2022-04-30 14:42:11 +0200","[wa-config] improving documentation, showing all class and methods, will need to ignore some private or POC definitions and only keep the meanfull ones still...."
"02800bf3","Mickaël MOREAU","2022-04-30 01:30:52 +0200","[wa-config] improving phpdoc and ajusting security roles for wp access"
"76cab13d","Mickaël MOREAU","2022-04-29 22:32:46 +0200","[wa-config] ajusting obfuscator to fit Public Plugins requirements + start phpdoc integration"
"c9f892e7","Mickaël MOREAU","2022-04-29 21:06:23 +0200","[wa-config] loading pdf from JS to output in documentation pannel OK"
"4701ad3a","Mickaël MOREAU","2022-04-29 20:57:39 +0200","[wa-config] loading pdf from JS to output in documentation pannel OK"
"201a0df9","Mickaël MOREAU","2022-04-29 20:49:16 +0200","[wa-config] loading pdf from JS to output in documentation pannel OK"
"2837e36b","Mickaël MOREAU","2022-04-29 17:31:30 +0200","[wa-config] loading acceptance_tests_users wordpress option from stand alone e2e test"
"b5d0aed6","Mickaël MOREAU","2022-04-29 14:58:30 +0200","[wa-config] Optmimzing by disabeling live call CRON process + ajusting end to end test to fit last added features"
"050ed180","Mickaël MOREAU","2022-04-29 13:02:31 +0200","[wa-config] adding ReadMe.pdf in Admin pannel + devStack documenting firebase access"
"05fcf5c3","Mickaël MOREAU","2022-04-29 09:02:11 +0200","[wa-config] updating docs"
"9cc39532","Mickaël MOREAU","2022-04-29 08:54:00 +0200","[wa-config] updating docs and starting to adapt e2e tests"
"2b858db9","Mickaël MOREAU","2022-04-29 07:25:31 +0200","[wa-config] Verification de l'option enable_footer avant de changer le footer"
"4adf9e99","Mickaël MOREAU","2022-04-29 07:20:46 +0200","[wa-config] Rajout des options enable_footer et acceptance_tests_users"
"779fc336","Mickaël MOREAU","2022-04-29 06:11:00 +0200","[wa-config] Bumping version get right propagation and WARNING is shown in admin param if class loaded from different versions"
"47794e59","Mickaël MOREAU","2022-04-29 06:06:29 +0200","[wa-config] adding tools/pre-build.php to sync plugin version from composer.json to other parts"
"54261992","Mickaël MOREAU","2022-04-29 03:49:09 +0200","[wa-config] improving ergonomy and version checking of // loads of same classes in multiple files"
"d4a49002","Mickaël MOREAU","2022-04-29 02:55:17 +0200","[wa-config] improving ergonomy"
"14d62e59","Mickaël MOREAU","2022-04-29 01:57:40 +0200","[wa-config] fixing display and ergo"
"48952b76","Mickaël MOREAU","2022-04-29 01:51:21 +0200","[wa-config] fixing display and ergo"
"38c4d637","Mickaël MOREAU","2022-04-29 01:49:53 +0200","[wa-config] fixing display and ergo"
"ff068653","Mickaël MOREAU","2022-04-29 01:36:41 +0200","[wa-config] parallels runs for same plugin fully ok, only duplicating review features per instances to allow != test launch from each plugin folders"
"e649688c","Mickaël MOREAU","2022-04-28 16:23:03 +0200","[wa-config] improving parallel loads"
"28a6b5c3","Mickaël MOREAU","2022-04-28 15:59:36 +0200","[wa-config] bug fixes, improving debug and parallel loads"
"b075a546","Mickaël MOREAU","2022-04-28 04:22:58 +0200","[wa-config] production zip OK, parallel load OK even if missing business aim for it"
"5678915a","Mickaël MOREAU","2022-04-28 03:52:51 +0200","[wa-config] allowing plugins to load in parallele OK, but need more advanced tought to have a concret usage of it, duplicating menu on same page targets for now, no meanings but proving parallele load is ok"
"9f540a60","Mickaël MOREAU","2022-04-27 23:59:14 +0200","[wa-config] running and adding html codeception report inside review admin panel"
"d9059ac5","Mickaël MOREAU","2022-04-27 21:38:39 +0200","[wa-config] improving code and adding review admin section"
"9abe936d","Mickaël MOREAU","2022-04-27 19:57:50 +0200","[wa-config] improving e2e test, testing admin pannel options updates OK"
"304e7dc3","Mickaël MOREAU","2022-04-27 18:18:19 +0200","[wa-config] cleaning code and adding save OK notification"
"f915dff6","Mickaël MOREAU","2022-04-27 16:13:06 +0200","[wa-config] Succed to edit custom option from custom admin page, light e2e tests OK"
"dda1478c","Mickaël MOREAU","2022-04-27 04:37:00 +0200","[wa-config] improving code and trying to edit custom option from custom admin page"
"10414aee","Mickaël MOREAU","2022-04-27 02:27:56 +0200","[wa-config] improving code and adding param sub section menu"
"4e54318e","Mickaël MOREAU","2022-04-26 23:22:20 +0200","[wa-config] improving code and adding plugin translations loads"
"cfc46fc7","Mickaël MOREAU","2022-04-26 21:25:04 +0200","[wa-config] improving multi-request debug display"
"1238a2f4","Mickaël MOREAU","2022-04-26 16:17:06 +0200","[wa-config] fixing admin style loads"
"c8dd4fe0","Mickaël MOREAU","2022-04-26 16:15:24 +0200","[wa-config] improving debug, fixing buggy js and css load"
"8da59bb6","Mickaël MOREAU","2022-04-26 15:41:14 +0200","[wa-config] improving debug, fixing buggy js and css load"
"e41f9022","Mickaël MOREAU","2022-04-26 09:17:46 +0200","[wa-config] improving debug, fixing missing call to undfined class method"
"b9780e9f","Mickaël MOREAU","2022-04-26 07:21:49 +0200","[wa-config] improving debug tool, trying to know why init is not called..."
"74c6d2bd","Mickaël MOREAU","2022-04-26 07:06:33 +0200","[wa-config] improving debug tool and code orga"
"742e2fd9","Mickaël MOREAU","2022-04-26 06:19:58 +0200","[wa-config] Updating doc about scss and ts build process"
"56b8d125","Mickaël MOREAU","2022-04-26 05:33:58 +0200","[wa-config] improving tests about footer credits and admin config page ok"
"289ed6e2","Mickaël MOREAU","2022-04-26 02:39:19 +0200","[wa-config] adding js fake build and real scss build + global improvements"
"a55ab730","Mickaël MOREAU","2022-04-25 15:07:17 +0200","[wa-config] integration improvements"
"08910751","Mickaël MOREAU","2022-04-25 01:42:33 +0200","[wa-config] _init function sound ok but default copyright value fail, why ?"
"a9e93175","Mickaël MOREAU","2022-04-24 22:25:08 +0200","[wa-config] testing under wordpress WA ok but not detecting _bootstrap functions..."
"1e366057","Mickaël MOREAU","2022-04-24 19:53:05 +0200","[wa-config] improving plugin models and flexibility by using Trait"
"bc144927","Mickaël MOREAU","2022-04-24 18:02:20 +0200","[wa-config] add new installer"
"d31f0090","Mickaël MOREAU","2022-04-24 17:52:49 +0200","[wa-config] add new installer"
"34514313","Mickaël MOREAU","2022-04-24 14:26:33 +0200","[wa-config] refactoring input app to fit psr-4 PHP Norms + add docs and tools for tests and builds"
"7e1a57f9","Mickaël MOREAU","2022-04-24 12:50:19 +0200","[wa-config] bootstrap the main shared plugin with docs, licence and tools"
"2a7bd52c","Mickaël MOREAU","2022-04-24 11:38:07 +0200","[wa-config] bootstrap the main shared plugin"
